{
  "losses": [
    52.08958030947303,
    0.002094351325493488,
    0.0020186915814786144,
    0.0019490376215994607,
    0.0018940717231314156,
    0.0018481179733912873,
    0.0018091109345526148,
    0.0017672856669105903,
    0.0017127600160791515,
    0.001649518802552952,
    0.0015927477631665651,
    0.001544423352623239,
    0.0015025878250485892,
    0.0014679454717506817,
    0.0014407860466056942,
    0.0014190756041622993,
    0.0014051281568517638,
    0.001396176234187165,
    0.0013862851470155069,
    0.0013823532964250197,
    0.0013749420399303278,
    0.0013711621806302395,
    0.0013673161915137907,
    0.001364043053483981,
    0.00136271758454968,
    0.0013605520102871066,
    0.001358712750207668,
    0.0013568074694062255,
    0.0013551141183892569,
    0.0013534532733880348
  ],
  "metrics": {
    "adjusted_arithmetic_mean_rank": {
      "both": {
        "realistic": 0.20081637472258762
      },
      "head": {
        "realistic": 0.43973544473243437
      },
      "tail": {
        "realistic": 0.0020987422851548652
      }
    },
    "adjusted_arithmetic_mean_rank_index": {
      "both": {
        "realistic": 0.7991861756199167
      },
      "head": {
        "realistic": 0.5602665240265695
      },
      "tail": {
        "realistic": 0.9979041742842197
      }
    },
    "arithmetic_mean_rank": {
      "both": {
        "optimistic": 62928.666965237826,
        "pessimistic": 62928.679839696866,
        "realistic": 62928.67340246734
      },
      "head": {
        "optimistic": 125139.24945885559,
        "pessimistic": 125139.2748588929,
        "realistic": 125139.26215887423
      },
      "tail": {
        "optimistic": 718.0844716200658,
        "pessimistic": 718.0848205008411,
        "realistic": 718.0846460604535
      }
    },
    "geometric_mean_rank": {
      "both": {
        "optimistic": 1637.2291570408036,
        "pessimistic": 1637.2297949396575,
        "realistic": 1637.2294770064866
      },
      "head": {
        "optimistic": 33840.1268380936,
        "pessimistic": 33840.140096908275,
        "realistic": 33840.133491271845
      },
      "tail": {
        "optimistic": 79.21126671567544,
        "pessimistic": 79.21129740485472,
        "realistic": 79.2112821029591
      }
    },
    "harmonic_mean_rank": {
      "both": {
        "optimistic": 7.617087503000149,
        "pessimistic": 7.617087791208703,
        "realistic": 7.617087650433789
      },
      "head": {
        "optimistic": 941.7957462278994,
        "pessimistic": 941.8007330347035,
        "realistic": 941.79831457764
      },
      "tail": {
        "optimistic": 3.824007721017776,
        "pessimistic": 3.824007784080927,
        "realistic": 3.8240077529918866
      }
    },
    "hits_at_k": {
      "both": {
        "optimistic": {
          "1": 0.11478556725738755,
          "3": 0.14209079698020935,
          "5": 0.14711923076339664,
          "10": 0.15407105942956476
        },
        "pessimistic": {
          "1": 0.11478556725738755,
          "3": 0.14209079698020935,
          "5": 0.14711923076339664,
          "10": 0.15407105942956476
        },
        "realistic": {
          "1": 0.11478556725738755,
          "3": 0.14209079698020935,
          "5": 0.14711923076339664,
          "10": 0.15407105942956476
        }
      },
      "head": {
        "optimistic": {
          "1": 0.00011528234314396187,
          "3": 0.0006689409648221997,
          "5": 0.0007736051974134283,
          "10": 0.0013515337860693422
        },
        "pessimistic": {
          "1": 0.00011528234314396187,
          "3": 0.0006689409648221997,
          "5": 0.0007736051974134283,
          "10": 0.0013515337860693422
        },
        "realistic": {
          "1": 0.00011528234314396187,
          "3": 0.0006689409648221997,
          "5": 0.0007736051974134283,
          "10": 0.0013515337860693422
        }
      },
      "tail": {
        "optimistic": {
          "1": 0.22945585217163114,
          "3": 0.2835126529955965,
          "5": 0.29346485632937985,
          "10": 0.3067905850730602
        },
        "pessimistic": {
          "1": 0.22945585217163114,
          "3": 0.2835126529955965,
          "5": 0.29346485632937985,
          "10": 0.3067905850730602
        },
        "realistic": {
          "1": 0.22945585217163114,
          "3": 0.2835126529955965,
          "5": 0.29346485632937985,
          "10": 0.3067905850730602
        }
      }
    },
    "inverse_arithmetic_mean_rank": {
      "both": {
        "optimistic": 1.5891008791786517e-05,
        "pessimistic": 1.5891005540675223e-05,
        "realistic": 1.5891007166230704e-05
      },
      "head": {
        "optimistic": 7.991097951476759e-06,
        "pessimistic": 7.991096329490485e-06,
        "realistic": 7.99109714048354e-06
      },
      "tail": {
        "optimistic": 0.0013925938235983665,
        "pessimistic": 0.0013925931470080818,
        "realistic": 0.001392593485303142
      }
    },
    "inverse_geometric_mean_rank": {
      "both": {
        "optimistic": 0.0006107880474150862,
        "pessimistic": 0.000610787809439332,
        "realistic": 0.0006107879280480595
      },
      "head": {
        "optimistic": 2.955071666204001e-05,
        "pessimistic": 2.955070508385285e-05,
        "realistic": 2.9550710852187484e-05
      },
      "tail": {
        "optimistic": 0.012624466713674029,
        "pessimistic": 0.012624461822521693,
        "realistic": 0.012624464261292937
      }
    },
    "inverse_harmonic_mean_rank": {
      "both": {
        "optimistic": 0.13128377475066805,
        "pessimistic": 0.13128376978327,
        "realistic": 0.13128377220958598
      },
      "head": {
        "optimistic": 0.0010618013555542395,
        "pessimistic": 0.0010617957333477165,
        "realistic": 0.00106179845994783
      },
      "tail": {
        "optimistic": 0.2615057481457819,
        "pessimistic": 0.26150574383319225,
        "realistic": 0.2615057459592242
      }
    },
    "inverse_median_rank": {
      "both": {
        "optimistic": 0.0005293806246691371,
        "pessimistic": 0.0005293806246691371,
        "realistic": 0.0005293806246691371
      },
      "head": {
        "optimistic": 1.9943758600745896e-05,
        "pessimistic": 1.9943758600745896e-05,
        "realistic": 1.9943758600745896e-05
      },
      "tail": {
        "optimistic": 0.003663003663003663,
        "pessimistic": 0.003663003663003663,
        "realistic": 0.003663003663003663
      }
    },
    "median_rank": {
      "both": {
        "optimistic": 1889.0,
        "pessimistic": 1889.0,
        "realistic": 1889.0
      },
      "head": {
        "optimistic": 50141.0,
        "pessimistic": 50141.0,
        "realistic": 50141.0
      },
      "tail": {
        "optimistic": 273.0,
        "pessimistic": 273.0,
        "realistic": 273.0
      }
    },
    "rank_mad": {
      "both": {
        "optimistic": 1888.0,
        "pessimistic": 1888.0,
        "realistic": 1888.0
      },
      "head": {
        "optimistic": 48581.0,
        "pessimistic": 48581.0,
        "realistic": 48581.0
      },
      "tail": {
        "optimistic": 272.0,
        "pessimistic": 272.0,
        "realistic": 272.0
      }
    },
    "rank_std": {
      "both": {
        "optimistic": 123192.09525381586,
        "pessimistic": 123192.1131870112,
        "realistic": 123192.10422040003
      },
      "head": {
        "optimistic": 150359.9297525365,
        "pessimistic": 150359.948751702,
        "realistic": 150359.93925209742
      },
      "tail": {
        "optimistic": 2040.353516506582,
        "pessimistic": 2040.355131710984,
        "realistic": 2040.354324087391
      }
    },
    "rank_var": {
      "both": {
        "optimistic": 15176292333.025242,
        "pessimistic": 15176296751.48138,
        "realistic": 15176294542.249903
      },
      "head": {
        "optimistic": 22608108475.18771,