{
  "losses": [
    55.91829737819635,
    0.0020988827293509297,
    0.0017810951121934135,
    0.0015677940410075526,
    0.0014272939562218806,
    0.0013552517984738379,
    0.0013187269579320482,
    0.001294350190548463,
    0.001268730923997967,
    0.0012416890066851015,
    0.001215660275068682,
    0.0011912682450952903,
    0.0011714631539594454,
    0.0011530417500870188,
    0.001137107366632137,
    0.0011249032291723753,
    0.0011146352483218946,
    0.0011051893260217863,
    0.0010975215011022994,
    0.001091515248352373,
    0.0010855530914379908,
    0.0010810006423119082,
    0.0010764554017634418,
    0.001071233100274142,
    0.0010683680629371328,
    0.0010662936535589447,
    0.0010626167860885564,
    0.001060594673950744,
    0.0010586720831767353,
    0.0010557854573428798,
    0.0010531928547972906,
    0.0010539729608700463,
    0.001050845746017246,
    0.0010494152797869418,
    0.0010469785106285122,
    0.001045119486859221,
    0.0010442812232082758,
    0.0010415762036365152,
    0.0010397114687640918,
    0.0010394242939279746,
    0.0010370637883819359,
    0.0010368815301648486,
    0.0010362225475394253,
    0.0010347174607152824,
    0.0010330057073037451,
    0.0010311101818802878,
    0.0010306791548834009,
    0.0010295779466569979,
    0.0010275555252164026,
    0.001027837159240161
  ],
  "metrics": {
    "adjusted_arithmetic_mean_rank": {
      "both": {
        "realistic": 0.33487903567919014
      },
      "head": {
        "realistic": 0.40223713744946127
      },
      "tail": {
        "realistic": 0.26752187386649223
      }
    },
    "adjusted_arithmetic_mean_rank_index": {
      "both": {
        "realistic": 0.6651220112920433
      },
      "head": {
        "realistic": 0.5977638034995116
      },
      "tail": {
        "realistic": 0.7324792791240426
      }
    },
    "arithmetic_mean_rank": {
      "both": {
        "optimistic": 212742.50193905816,
        "pessimistic": 212742.76574330564,
        "realistic": 212742.6338411819
      },
      "head": {
        "optimistic": 255532.12816251154,
        "pessimistic": 255532.35697137582,
        "realistic": 255532.24256694366
      },
      "tail": {
        "optimistic": 169952.8757156048,
        "pessimistic": 169953.17451523547,
        "realistic": 169953.02511542014
      }
    },
    "geometric_mean_rank": {
      "both": {
        "optimistic": 138074.34271702435,
        "pessimistic": 138074.6358498918,
        "realistic": 138074.489285366
      },
      "head": {
        "optimistic": 170561.97194674364,
        "pessimistic": 170562.22402271602,
        "realistic": 170562.09798514727
      },
      "tail": {
        "optimistic": 111774.76373626266,
        "pessimistic": 111775.07314011794,
        "realistic": 111774.91844099353
      }
    },
    "harmonic_mean_rank": {
      "both": {
        "optimistic": 51607.73613102235,
        "pessimistic": 51608.02643696135,
        "realistic": 51607.8813118813
      },
      "head": {
        "optimistic": 108062.8971229622,
        "pessimistic": 108063.10969252055,
        "realistic": 108063.00340881603
      },
      "tail": {
        "optimistic": 33898.29386620077,
        "pessimistic": 33898.52345163963,
        "realistic": 33898.40868283331
      }
    },
    "hits_at_k": {
      "both": {
        "optimistic": {
          "1": 0.0,
          "3": 0.0,
          "5": 0.0,
          "10": 0.0
        },
        "pessimistic": {
          "1": 0.0,
          "3": 0.0,
          "5": 0.0,
          "10": 0.0
        },
        "realistic": {
          "1": 0.0,
          "3": 0.0,
          "5": 0.0,
          "10": 0.0
        }
      },
      "head": {
        "optimistic": {
          "1": 0.0,
          "3": 0.0,
          "5": 0.0,
          "10": 0.0
        },
        "pessimistic": {
          "1": 0.0,
          "3": 0.0,
          "5": 0.0,
          "10": 0.0
        },
        "realistic": {
          "1": 0.0,
          "3": 0.0,
          "5": 0.0,
          "10": 0.0
        }
      },
      "tail": {
        "optimistic": {
          "1": 0.0,
          "3": 0.0,
          "5": 0.0,
          "10": 0.0
        },
        "pessimistic": {
          "1": 0.0,
          "3": 0.0,
          "5": 0.0,
          "10": 0.0
        },
        "realistic": {
          "1": 0.0,
          "3": 0.0,
          "5": 0.0,
          "10": 0.0
        }
      }
    },
    "inverse_arithmetic_mean_rank": {
      "both": {
        "optimistic": 4.700518189291852e-06,
        "pessimistic": 4.700512360578197e-06,
        "realistic": 4.700515274933218e-06
      },
      "head": {
        "optimistic": 3.913402229264991e-06,
        "pessimistic": 3.913398725125123e-06,
        "realistic": 3.9134004771942725e-06
      },
      "tail": {
        "optimistic": 5.883983991382274e-06,
        "pessimistic": 5.8839736465784865e-06,
        "realistic": 5.8839788189758336e-06
      }
    },
    "inverse_geometric_mean_rank": {
      "both": {
        "optimistic": 7.242475179110171e-06,
        "pessimistic": 7.242459803313568e-06,
        "realistic": 7.242467491103632e-06
      },
      "head": {
        "optimistic": 5.862971614283638e-06,
        "pessimistic": 5.862962949327026e-06,
        "realistic": 5.862967281787781e-06
      },
      "tail": {
        "optimistic": 8.946563307971224e-06,
        "pessimistic": 8.946538543047334e-06,
        "realistic": 8.946550925267768e-06
      }
    },
    "inverse_harmonic_mean_rank": {
      "both": {
        "optimistic": 1.9376939873145913e-05,
        "pessimistic": 1.9376830873807763e-05,
        "realistic": 1.937688536285208e-05
      },
      "head": {
        "optimistic": 9.253869983349825e-06,
        "pessimistic": 9.253851780180759e-06,
        "realistic": 9.253860881664313e-06
      },
      "tail": {
        "optimistic": 2.950000976294201e-05,
        "pessimistic": 2.9499809967434767e-05,
        "realistic": 2.949990984403984e-05
      }
    },
    "inverse_median_rank": {
      "both": {
        "optimistic": 6.480818397747267e-06,
        "pessimistic": 6.480797397311765e-06,
        "realistic": 6.480807897512504e-06
      },
      "head": {
        "optimistic": 5.609405851732185e-06,
        "pessimistic": 5.609405851732185e-06,
        "realistic": 5.609405851732185e-06
      },
      "tail": {
        "optimistic": 7.1888142050968695e-06,
        "pessimistic": 7.1888142050968695e-06,
        "realistic": 7.1888142050968695e-06
      }
    },
    "median_rank": {
      "both": {
        "optimistic": 154301.5,
        "pessimistic": 154302.0,
        "realistic": 154301.75
      },
      "head": {
        "optimistic": 178272.0,
        "pessimistic": 178272.0,
        "realistic": 178272.0
      },
      "tail": {
        "optimistic": 139105.0,
        "pessimistic": 139105.0,
        "realistic": 139105.0
      }
    },
    "rank_mad": {
      "both": {
        "optimistic": 79225.0,
        "pessimistic": 79225.0,
        "realistic": 79225.0
      },
      "head": {
        "optimistic": 90562.0,
        "pessimistic": 90562.0,
        "realistic": 90562.0
      },
      "tail": {
        "optimistic": 68707.0,
        "pessimistic": 68707.0,
        "realistic": 68707.0
      }
    },
    "rank_std": {
      "both": {
        "optimistic": 203844.51682487488,
        "pessimistic": 203844.61756276322,
        "realistic": 203844.56719362954
      },
      "head": {
        "optimistic": 244888.6758673396,
        "pessimistic": 244888.7724930419,
        "realistic": 244888.72418006492
      },
      "tail": {
        "optimistic": 139544.9973535017,
        "pessimistic": 139545.14355769922,
        "realistic": 139545.0704552791
      }
    },
    "rank_var": {
      "both": {
        "optimistic": 41552587039.5667,
        "pessimistic": 41552628109.3092,
        "realistic": 41552607574.35815
      },
      "head": {
        "optimistic": 59970463568.05892,