{
  "losses": [
    51.87048208179772,
    0.0020990715232855808,
    0.002016578074845988,
    0.001945661025992378,
    0.0018933736610711612,
    0.0018494340653457864,
    0.001811133128254521,
    0.001761180469682748,
    0.0016876112484154402,
    0.0016114088996906995
  ],
  "metrics": {
    "both": {
      "optimistic": {
        "adjusted_arithmetic_mean_rank": 0.29746755628619287,
        "adjusted_arithmetic_mean_rank_index": 0.7025348971332009,
        "adjusted_geometric_mean_rank_index": 0.9973896415358602,
        "adjusted_hits_at_k": 0.34242931412444244,
        "adjusted_inverse_harmonic_mean_rank": 0.3068258033800983,
        "arithmetic_mean_rank": 85179.62301191331,
        "count": 1314832.0,
        "geometric_mean_rank": 461.08299025271504,
        "harmonic_mean_rank": 3.2588679508520757,
        "hits_at_1": 0.2880695024155177,
        "hits_at_10": 0.34245135500200785,
        "hits_at_3": 0.3135541270671843,
        "hits_at_5": 0.3310133918249632,
        "inverse_arithmetic_mean_rank": 1.1739896992267024e-05,
        "inverse_geometric_mean_rank": 0.002168806963475078,
        "inverse_harmonic_mean_rank": 0.3068550229961101,
        "inverse_median_rank": 0.001949317738791423,
        "median_absolute_deviation": 759.0923358748682,
        "median_rank": 513.0,
        "standard_deviation": 155520.90231202557,
        "variance": 24186751055.9466,
        "z_arithmetic_mean_rank": 1310.7402999105939,
        "z_geometric_mean_rank": 1136.0473897715585,
        "z_hits_at_k": 67821.9284779898,
        "z_inverse_harmonic_mean_rank": 149891.46173368074
      },
      "pessimistic": {
        "adjusted_arithmetic_mean_rank": 0.29746760376280024,
        "adjusted_arithmetic_mean_rank_index": 0.7025348496564278,
        "adjusted_geometric_mean_rank_index": 0.9973896406439279,
        "adjusted_hits_at_k": 0.34242931412444244,
        "adjusted_inverse_harmonic_mean_rank": 0.30682580142627036,
        "arithmetic_mean_rank": 85179.63660680605,
        "count": 1314832.0,
        "geometric_mean_rank": 461.0831474582804,
        "harmonic_mean_rank": 3.2588679716012843,
        "hits_at_1": 0.2880695024155177,
        "hits_at_10": 0.34245135500200785,
        "hits_at_3": 0.3135541270671843,
        "hits_at_5": 0.3310133918249632,
        "inverse_arithmetic_mean_rank": 1.1739895118548765e-05,
        "inverse_geometric_mean_rank": 0.0021688062240237953,
        "inverse_harmonic_mean_rank": 0.30685502104236456,
        "inverse_median_rank": 0.001949317738791423,
        "median_absolute_deviation": 759.0923358748682,
        "median_rank": 513.0,
        "standard_deviation": 155520.9184676127,
        "variance": 24186756081.009834,
        "z_arithmetic_mean_rank": 1310.740211331763,
        "z_geometric_mean_rank": 1136.047388755629,
        "z_hits_at_k": 67821.9284779898,
        "z_inverse_harmonic_mean_rank": 149891.46077919088
      },
      "realistic": {
        "adjusted_arithmetic_mean_rank": 0.2974675905121787,
        "adjusted_arithmetic_mean_rank_index": 0.7025348629070955,
        "adjusted_geometric_mean_rank_index": 0.9973896433408447,
        "adjusted_hits_at_k": 0.34242931412444244,
        "adjusted_inverse_harmonic_mean_rank": 0.30682566754255386,
        "arithmetic_mean_rank": 85179.6328125,
        "count": 1314832.0,
        "geometric_mean_rank": 461.0826721191406,
        "harmonic_mean_rank": 3.2588693934165525,
        "hits_at_1": 0.2880695024155177,
        "hits_at_10": 0.34245135500200785,
        "hits_at_3": 0.3135541270671843,
        "hits_at_5": 0.3310133918249632,
        "inverse_arithmetic_mean_rank": 1.1739895853679627e-05,
        "inverse_geometric_mean_rank": 0.002168808365240693,
        "inverse_harmonic_mean_rank": 0.3068548871642917,
        "inverse_median_rank": 0.001949317753314972,
        "median_absolute_deviation": 759.0923358748682,
        "median_rank": 513.0,
        "standard_deviation": 155520.921875,
        "variance": 24186757120.0,
        "z_arithmetic_mean_rank": 1310.7402360539288,
        "z_geometric_mean_rank": 1136.0473918274731,
        "z_hits_at_k": 67821.9284779898,
        "z_inverse_harmonic_mean_rank": 149891.39537391614
      }
    },
    "head": {
      "optimistic": {
        "adjusted_arithmetic_mean_rank": 0.7296858650481239,
        "adjusted_arithmetic_mean_rank_index": 0.27031529512282915,
        "adjusted_geometric_mean_rank_index": 0.9302493916399392,
        "adjusted_hits_at_k": 0.2025773218627632,
        "adjusted_inverse_harmonic_mean_rank": 0.19448941497446426,
        "arithmetic_mean_rank": 170013.95306776837,
        "count": 657416.0,
        "geometric_mean_rank": 8670.279613656288,
        "harmonic_mean_rank": 5.140312039492395,
        "hits_at_1": 0.18991171495673972,
        "hits_at_10": 0.20261904182435475,
        "hits_at_3": 0.1956189079669494,
        "hits_at_5": 0.19906269394112708,
        "inverse_arithmetic_mean_rank": 5.881870175687258e-06,
        "inverse_geometric_mean_rank": 0.00011533653406343793,
        "inverse_harmonic_mean_rank": 0.19454071899081635,
        "inverse_median_rank": 9.475843705433922e-06,
        "median_absolute_deviation": 156459.75342000544,
        "median_rank": 105531.5,
        "standard_deviation": 184334.31224872347,
        "variance": 33979138672.209877,
        "z_arithmetic_mean_rank": 333.2843202327376,
        "z_geometric_mean_rank": 754.8038792087666,
        "z_hits_at_k": 22708.45916848208,
        "z_inverse_harmonic_mean_rank": 53779.11640065299
      },
      "pessimistic": {
        "adjusted_arithmetic_mean_rank": 0.7296859810132525,
        "adjusted_arithmetic_mean_rank_index": 0.2703151791572028,
        "adjusted_geometric_mean_rank_index": 0.9302493716011454,
        "adjusted_hits_at_k": 0.2025773218627632,
        "adjusted_inverse_harmonic_mean_rank": 0.19448941406366616,
        "arithmetic_mean_rank": 170013.98008718985,
        "count": 657416.0,
        "geometric_mean_rank": 8670.282104271226,
        "harmonic_mean_rank": 5.1403120635567054,
        "hits_at_1": 0.18991171495673972,
        "hits_at_10": 0.20261904182435475,
        "hits_at_3": 0.1956189079669494,
        "hits_at_5": 0.19906269394112708,
        "inverse_arithmetic_mean_rank": 5.881869240912781e-06,
        "inverse_geometric_mean_rank": 0.00011533650093200217,
        "inverse_harmonic_mean_rank": 0.19454071808007625,
        "inverse_median_rank": 9.475843705433922e-06,
        "median_absolute_deviation": 156459.75342000544,
        "median_rank": 105531.5,
        "standard_deviation": 184334.32715194262,
        "variance": 33979144166.55941,
        "z_arithmetic_mean_rank": 333.2841772533146,
        "z_geometric_mean_rank": 754.8038629492996,
        "z_hits_at_k": 22708.45916848208,
        "z_inverse_harmonic_mean_rank": 53779.11614880423
      },
      "realistic": {
        "adjusted_arithmetic_mean_rank": 0.7296859323549687,
        "adjusted_arithmetic_mean_rank_index": 0.2703152278156954,
        "adjusted_geometric_mean_rank_index": 0.9302493784743737,
        "adjusted_hits_at_k": 0.2025773218627632,
        "adjusted_inverse_harmonic_mean_rank": 0.19448941249708276,
        "arithmetic_mean_rank": 170013.96875,
        "count": 657416.0,
        "geometric_mean_rank": 8670.28125,
        "harmonic_mean_rank": 5.140312104947602,
        "hits_at_1": 0.18991171495673972,
        "hits_at_10": 0.20261904182435475,
        "hits_at_3": 0.1956189079669494,
        "hits_at_5": 0.19906269394112708,
        "inverse_arithmetic_mean_rank": 5.881869583390653e-06,
        "inverse_geometric_mean_rank": 0.00011533651559147984,
        "inverse_harmonic_mean_rank": 0.19454071651359262,
        "inverse_median_rank": 9.475843398831785e-06,
        "median_absolute_deviation": 156459.75342000544,
        "median_rank": 105531.5,
        "standard_deviation": 184334.3125,
        "variance": 33979140096.0,
        "z_arithmetic_mean_rank": 333.28423724663696,